Date,ID,Mass,C,d13C,Standards,Reliable
26.09.25,L_1_1_9,3.412,2.905183618,-22.99762725,"NBS22, IAEA603, USGS24, USGS41, USGS40",TRUE
26.09.25,L_1_1_9,9.921,3.146012234,-25.61843151,"NBS22, IAEA603, USGS24, USGS41, USGS40",TRUE
26.09.25,L_1_1_1,3.062,2.991986597,-24.33964842,"NBS22, IAEA603, USGS24, USGS41, USGS40",TRUE
26.09.25,L_1_1_1,9.522,3.170309738,-25.54605832,"NBS22, IAEA603, USGS24, USGS41, USGS40",TRUE
26.09.25,L_2_1_11,3.401,2.691645452,-25.40270802,"NBS22, IAEA603, USGS24, USGS41, USGS40",TRUE
26.09.25,L_2_1_11,9.698,2.791745573,-25.53161085,"NBS22, IAEA603, USGS24, USGS41, USGS40",TRUE
26.09.25,L_2_1_1,2.63,3.981694264,-25.33972777,"NBS22, IAEA603, USGS24, USGS41, USGS40",TRUE
26.09.25,L_2_1_1,9.866,4.090826483,-26.33591538,"NBS22, IAEA603, USGS24, USGS41, USGS40",FALSE
26.09.25,L_1_3_10,2.682,3.126568995,-25.68806932,"NBS22, IAEA603, USGS24, USGS41, USGS40",TRUE
26.09.25,L_1_3_10,10.23,2.923525209,-26.19239555,"NBS22, IAEA603, USGS24, USGS41, USGS40",TRUE
26.09.25,L_2_5_10,2.792,3.021311894,-23.87738927,"NBS22, IAEA603, USGS24, USGS41, USGS40",TRUE
26.09.25,L_2_5_10,9.877,2.831975793,-24.33990195,"NBS22, IAEA603, USGS24, USGS41, USGS40",TRUE
26.09.25,L_2_6_11,2.718,2.681969981,-23.85410417,"NBS22, IAEA603, USGS24, USGS41, USGS40",TRUE
26.09.25,L_2_6_11,10.26,2.797906867,-24.26191897,"NBS22, IAEA603, USGS24, USGS41, USGS40",TRUE
26.09.25,L_2_7_11,3.277,2.729466771,-25.55809672,"NBS22, IAEA603, USGS24, USGS41, USGS40",TRUE
26.09.25,L_2_7_11,9.806,2.982896757,-26.04354063,"NBS22, IAEA603, USGS24, USGS41, USGS40",TRUE
26.09.25,L_1_12_11,2.548,3.374000045,-24.95566248,"NBS22, IAEA603, USGS24, USGS41, USGS40",TRUE
26.09.25,L_1_12_11,10.279,3.214583041,-25.4797619,"NBS22, IAEA603, USGS24, USGS41, USGS40",TRUE
26.09.25,L_2_13_10_inorganic,2.856,3.164570429,-22.63656367,"NBS22, IAEA603, USGS24, USGS41, USGS40",TRUE
26.09.25,L_2_13_10_inorganic,9.528,3.0940688,-23.07994654,"NBS22, IAEA603, USGS24, USGS41, USGS40",TRUE
26.09.25,L_2_14_11_inorganic,2.615,3.481223279,-23.22398727,"NBS22, IAEA603, USGS24, USGS41, USGS40",TRUE
26.09.25,L_2_14_11_inorganic,10.127,3.391472072,-23.88688525,"NBS22, IAEA603, USGS24, USGS41, USGS40",FALSE
26.09.25,L_1_3_1,3.138,4.058290003,-15.95781263,"NBS22, IAEA603, USGS24, USGS41, USGS40",TRUE
26.09.25,L_1_3_1,9.693,3.953840003,-15.55597991,"NBS22, IAEA603, USGS24, USGS41, USGS40",FALSE
26.09.25,L_2_5_1,2.805,4.605719631,245.7157826,"NBS22, IAEA603, USGS24, USGS41, USGS40",TRUE
26.09.25,L_2_5_1,10.406,4.210198601,225.0349253,"NBS22, IAEA603, USGS24, USGS41, USGS40",FALSE
26.09.25,L_2_6_1,2.527,8.769817998,175.9978878,"NBS22, IAEA603, USGS24, USGS41, USGS40",TRUE
26.09.25,L_2_6_1,9.824,7.054676388,136.5479641,"NBS22, IAEA603, USGS24, USGS41, USGS40",FALSE
26.09.25,L_2_7_1,3.403,3.787688437,-25.2071085,"NBS22, IAEA603, USGS24, USGS41, USGS40",TRUE
26.09.25,L_2_7_1,9.504,3.52452828,-25.8507875,"NBS22, IAEA603, USGS24, USGS41, USGS40",FALSE
26.09.25,L_1_12_1,2.915,5.754995644,335.6781954,"NBS22, IAEA603, USGS24, USGS41, USGS40",TRUE
26.09.25,L_1_12_1,10.037,5.199313227,335.5021655,"NBS22, IAEA603, USGS24, USGS41, USGS40",FALSE
26.09.25,L_2_13_1_inorganic,3.004,5.42901041,108.1179291,"NBS22, IAEA603, USGS24, USGS41, USGS40",TRUE
26.09.25,L_2_13_1_inorganic,10.345,5.214194577,106.9106736,"NBS22, IAEA603, USGS24, USGS41, USGS40",FALSE
26.09.25,L_2_14_1_inorganic,3.463,5.192218561,318.1233417,"NBS22, IAEA603, USGS24, USGS41, USGS40",TRUE
02.11.25,L_2_1_11,5.444,3.060888782,-25.71522475,"NBS22, IAEA603, USGS24, USGS41, USGS40",TRUE
02.11.25,L_2_7_11,5.116,2.776249196,-25.7173315,"NBS22, IAEA603, USGS24, USGS41, USGS40",TRUE
02.11.25,L_1_1_10,5.483,3.11603501,-25.87960257,"NBS22, IAEA603, USGS24, USGS41, USGS40",TRUE
02.11.25,L_1_2_10,5.098,3.024979641,-25.76069182,"NBS22, IAEA603, USGS24, USGS41, USGS40",TRUE
02.11.25,L_2_1_10,5.2,2.914885034,-25.48759465,"NBS22, IAEA603, USGS24, USGS41, USGS40",TRUE
02.11.25,L_2_2_10,5.388,3.459203622,-25.49807559,"NBS22, IAEA603, USGS24, USGS41, USGS40",TRUE
02.11.25,L_2_3_10,5.252,2.965482426,-25.8028635,"NBS22, IAEA603, USGS24, USGS41, USGS40",TRUE
02.11.25,L_2_7_10,5.245,2.970958385,-25.77686976,"NBS22, IAEA603, USGS24, USGS41, USGS40",TRUE
02.11.25,L_1_1_9,5.376,3.102772644,-26.00594591,"NBS22, IAEA603, USGS24, USGS41, USGS40",TRUE
02.11.25,L_1_2_9,5.439,3.27236589,-26.14770576,"NBS22, IAEA603, USGS24, USGS41, USGS40",TRUE
02.11.25,L_2_1_9,5.495,3.262295283,-25.7057522,"NBS22, IAEA603, USGS24, USGS41, USGS40",TRUE
02.11.25,L_2_2_9,5.169,3.428848307,-26.14372875,"NBS22, IAEA603, USGS24, USGS41, USGS40",TRUE
02.11.25,L_2_3_9,5.379,2.80953497,-25.69664807,"NBS22, IAEA603, USGS24, USGS41, USGS40",TRUE
02.11.25,L_2_7_9,5.082,2.632630969,-25.67895938,"NBS22, IAEA603, USGS24, USGS41, USGS40",TRUE
02.11.25,L_1_1_8,5.488,2.923622979,-25.73698944,"NBS22, IAEA603, USGS24, USGS41, USGS40",TRUE
02.11.25,L_1_2_8,5.365,3.689541377,-26.90418909,"NBS22, IAEA603, USGS24, USGS41, USGS40",TRUE
02.11.25,L_2_1_8,5.123,3.108999992,-25.78788414,"NBS22, IAEA603, USGS24, USGS41, USGS40",TRUE
02.11.25,L_2_2_8,5.247,2.933330951,-25.76116725,"NBS22, IAEA603, USGS24, USGS41, USGS40",TRUE
02.11.25,L_2_3_8,5.109,2.849872512,-25.70449585,"NBS22, IAEA603, USGS24, USGS41, USGS40",TRUE
02.11.25,L_2_7_8,5.237,2.431543947,-25.54950193,"NBS22, IAEA603, USGS24, USGS41, USGS40",TRUE
02.11.25,L_1_1_7,5.368,3.423015888,-25.93580457,"NBS22, IAEA603, USGS24, USGS41, USGS40",TRUE
02.11.25,L_1_2_7,5.426,3.175790769,-25.79761263,"NBS22, IAEA603, USGS24, USGS41, USGS40",TRUE
02.11.25,L_2_1_7,5.37,3.167274943,-25.69876074,"NBS22, IAEA603, USGS24, USGS41, USGS40",TRUE
02.11.25,L_2_7_7,5.459,3.026506156,-25.6873317,"NBS22, IAEA603, USGS24, USGS41, USGS40",TRUE
02.11.25,L_1_1_6,5.37,3.23951342,-25.83339816,"NBS22, IAEA603, USGS24, USGS41, USGS40",TRUE
02.11.25,L_1_2_6,5.378,3.208525649,-25.93048264,"NBS22, IAEA603, USGS24, USGS41, USGS40",TRUE
02.11.25,L_2_1_6,5.188,3.554279972,-26.39652538,"NBS22, IAEA603, USGS24, USGS41, USGS40",TRUE
02.11.25,L_2_2_6,5.38,3.367309254,-25.98037816,"NBS22, IAEA603, USGS24, USGS41, USGS40",TRUE
02.11.25,L_2_3_6,5.054,2.887080943,-25.57313829,"NBS22, IAEA603, USGS24, USGS41, USGS40",TRUE
02.11.25,L_2_7_6,5.374,2.80572758,-25.63579029,"NBS22, IAEA603, USGS24, USGS41, USGS40",TRUE
02.11.25,L_1_1_5,5.105,3.056848644,-25.06995132,"NBS22, IAEA603, USGS24, USGS41, USGS40",TRUE
02.11.25,L_1_2_5,5.303,3.423656349,-25.74857537,"NBS22, IAEA603, USGS24, USGS41, USGS40",TRUE
02.11.25,L_2_1_5,5.393,3.476747211,-25.9225673,"NBS22, IAEA603, USGS24, USGS41, USGS40",TRUE
02.11.25,L_2_2_5,5.007,3.569558972,-25.89021878,"NBS22, IAEA603, USGS24, USGS41, USGS40",TRUE
02.11.25,L_2_3_5,5.337,3.197593761,-25.59051515,"NBS22, IAEA603, USGS24, USGS41, USGS40",TRUE
02.11.25,L_2_7_5,5.403,2.838107756,-25.5159895,"NBS22, IAEA603, USGS24, USGS41, USGS40",TRUE
02.11.25,L_1_1_4,5.338,3.199226311,-25.69839783,"NBS22, IAEA603, USGS24, USGS41, USGS40",TRUE
02.11.25,L_1_2_4,5.023,3.636524641,-26.05427029,"NBS22, IAEA603, USGS24, USGS41, USGS40",TRUE
02.11.25,L_2_1_4,5.079,3.376882218,-25.64198196,"NBS22, IAEA603, USGS24, USGS41, USGS40",TRUE
02.11.25,L_2_2_4,5.047,3.239937797,-25.73822287,"NBS22, IAEA603, USGS24, USGS41, USGS40",TRUE
02.11.25,L_2_3_4,5.104,3.640246206,-25.87154347,"NBS22, IAEA603, USGS24, USGS41, USGS40",TRUE
02.11.25,L_2_7_4,5.408,2.798266971,-25.56894099,"NBS22, IAEA603, USGS24, USGS41, USGS40",TRUE
02.11.25,L_1_1_3,5.423,2.933712402,-25.53910224,"NBS22, IAEA603, USGS24, USGS41, USGS40",TRUE
02.11.25,L_1_2_3,5.124,3.162496796,-25.81089112,"NBS22, IAEA603, USGS24, USGS41, USGS40",TRUE
02.11.25,L_2_1_3,5.151,3.662415171,-25.98388882,"NBS22, IAEA603, USGS24, USGS41, USGS40",TRUE
02.11.25,L_2_7_3,5.327,2.732014338,-25.77261264,"NBS22, IAEA603, USGS24, USGS41, USGS40",TRUE
02.11.25,L_1_1_2,5.373,3.00355925,-25.76688025,"NBS22, IAEA603, USGS24, USGS41, USGS40",TRUE
02.11.25,L_1_2_2,5.384,2.837034139,-25.6734407,"NBS22, IAEA603, USGS24, USGS41, USGS40",TRUE
02.11.25,L_2_3_2,5.147,3.271747144,-25.99698772,"NBS22, IAEA603, USGS24, USGS41, USGS40",TRUE
02.11.25,L_2_2_2,5.113,3.471460467,-25.63212242,"NBS22, IAEA603, USGS24, USGS41, USGS40",TRUE
02.11.25,L_2_7_2,5.374,3.766646838,-26.10071307,"NBS22, IAEA603, USGS24, USGS41, USGS40",TRUE
02.11.25,L_1_1_1,5.418,3.246069443,-25.67571564,"NBS22, IAEA603, USGS24, USGS41, USGS40",TRUE
02.11.25,L_1_2_1,5.483,2.747876978,-25.51173842,"NBS22, IAEA603, USGS24, USGS41, USGS40",TRUE
02.11.25,L_2_1_1,5.176,4.318689059,-25.83290444,"NBS22, IAEA603, USGS24, USGS41, USGS40",TRUE
02.11.25,L_2_2_1,5.182,2.88624368,-25.70877821,"NBS22, IAEA603, USGS24, USGS41, USGS40",TRUE
02.11.25,L_2_3_1,5.17,3.196410685,-25.55701286,"NBS22, IAEA603, USGS24, USGS41, USGS40",TRUE
02.11.25,L_2_7_1,5.043,3.55115749,-25.70336271,"NBS22, IAEA603, USGS24, USGS41, USGS40",TRUE
02.11.25,L_1_3_9,5.489,3.074535032,-25.87056104,"NBS22, IAEA603, USGS24, USGS41, USGS40",TRUE
02.11.25,L_1_3_8,5.346,2.953653809,-25.86520273,"NBS22, IAEA603, USGS24, USGS41, USGS40",TRUE
02.11.25,L_1_3_7,5.419,2.874244528,-25.79484413,"NBS22, IAEA603, USGS24, USGS41, USGS40",TRUE
02.11.25,L_1_3_6,5.026,3.89217428,-25.931676,"NBS22, IAEA603, USGS24, USGS41, USGS40",TRUE
02.11.25,L_1_3_5,5.261,3.421969337,-25.71187296,"NBS22, IAEA603, USGS24, USGS41, USGS40",TRUE
02.11.25,L_1_3_4,5.449,3.664427909,-26.21934792,"NBS22, IAEA603, USGS24, USGS41, USGS40",TRUE
02.11.25,L_2_4_11,5.027,3.201832676,-25.6685729,"NBS22, IAEA603, USGS24, USGS41, USGS40",TRUE
02.11.25,L_2_9_11,5.466,2.80630181,-25.40499054,"NBS22, IAEA603, USGS24, USGS41, USGS40",TRUE
02.11.25,L_2_10_11,5.192,2.400654049,-20.49678809,"NBS22, IAEA603, USGS24, USGS41, USGS40",TRUE
02.11.25,L_2_18_11,5.17,2.841485579,-24.94610763,"NBS22, IAEA603, USGS24, USGS41, USGS40",TRUE
02.11.25,L_1_7_10,5.15,2.626753564,-25.82976658,"NBS22, IAEA603, USGS24, USGS41, USGS40",TRUE
02.11.25,L_2_4_10,5.337,3.112157157,-25.85335337,"NBS22, IAEA603, USGS24, USGS41, USGS40",TRUE
02.11.25,L_2_5_10,5.49,3.321742436,-24.44710794,"NBS22, IAEA603, USGS24, USGS41, USGS40",TRUE
02.11.25,L_2_9_10,5.252,2.96217049,-25.69897647,"NBS22, IAEA603, USGS24, USGS41, USGS40",TRUE
02.11.25,L_2_10_10,5.221,2.787787052,-23.27604372,"NBS22, IAEA603, USGS24, USGS41, USGS40",TRUE
02.11.25,L_2_17_10,5.349,3.337953007,-23.43198285,"NBS22, IAEA603, USGS24, USGS41, USGS40",TRUE
02.11.25,L_2_18_10,5.069,2.918432969,-23.82884859,"NBS22, IAEA603, USGS24, USGS41, USGS40",TRUE
02.11.25,L_2_4_9,5.304,3.126265156,-25.85099555,"NBS22, IAEA603, USGS24, USGS41, USGS40",TRUE
02.11.25,L_2_5_9,5.19,2.475645679,-24.26095776,"NBS22, IAEA603, USGS24, USGS41, USGS40",TRUE
02.11.25,L_2_9_9,5.166,3.245513846,-22.70395701,"NBS22, IAEA603, USGS24, USGS41, USGS40",TRUE
02.11.25,L_2_10_9,5.25,2.951364677,-22.28580322,"NBS22, IAEA603, USGS24, USGS41, USGS40",TRUE
02.11.25,L_2_17_9,5.11,3.603610563,-27.72178226,"NBS22, IAEA603, USGS24, USGS41, USGS40",TRUE
02.11.25,L_2_18_9,5.2,3.45777527,-28.25710909,"NBS22, IAEA603, USGS24, USGS41, USGS40",TRUE
02.11.25,L_1_7_8,5.361,2.555034898,-30.6815451,"NBS22, IAEA603, USGS24, USGS41, USGS40",TRUE
02.11.25,L_2_4_8,5.306,3.267259221,-31.78151666,"NBS22, IAEA603, USGS24, USGS41, USGS40",TRUE
02.11.25,L_2_5_8,5.034,2.759486483,-30.62357817,"NBS22, IAEA603, USGS24, USGS41, USGS40",TRUE
02.11.25,L_2_9_8,5.141,3.184196071,-29.2494917,"NBS22, IAEA603, USGS24, USGS41, USGS40",TRUE
02.11.25,L_2_10_8,5.5,3.38035928,-27.72042687,"NBS22, IAEA603, USGS24, USGS41, USGS40",TRUE
02.11.25,L_2_17_8,5.019,4.15554786,-29.52613712,"NBS22, IAEA603, USGS24, USGS41, USGS40",TRUE
02.11.25,L_1_7_7,5.027,2.734650951,-30.0999891,"NBS22, IAEA603, USGS24, USGS41, USGS40",TRUE
02.11.25,L_2_4_7,5.044,3.112415248,-29.73385486,"NBS22, IAEA603, USGS24, USGS41, USGS40",TRUE
02.11.25,L_2_5_7,5.37,3.352858684,-27.58851938,"NBS22, IAEA603, USGS24, USGS41, USGS40",TRUE
02.11.25,L_2_9_7,5.315,3.418330831,-27.66952869,"NBS22, IAEA603, USGS24, USGS41, USGS40",TRUE
02.11.25,L_2_10_7,5.204,3.254541639,-25.63703685,"NBS22, IAEA603, USGS24, USGS41, USGS40",TRUE
02.11.25,L_2_17_7,5.468,3.602661402,-26.72474843,"NBS22, IAEA603, USGS24, USGS41, USGS40",TRUE
02.11.25,L_1_7_6,5.258,2.805546689,-25.61538295,"NBS22, IAEA603, USGS24, USGS41, USGS40",TRUE
02.11.25,L_2_4_6,5.189,3.072715585,-24.47417632,"NBS22, IAEA603, USGS24, USGS41, USGS40",TRUE
02.11.25,L_2_5_6,5.398,3.187149527,-23.98972601,"NBS22, IAEA603, USGS24, USGS41, USGS40",TRUE
02.11.25,L_2_9_6,5.009,3.364141135,-23.05141018,"NBS22, IAEA603, USGS24, USGS41, USGS40",TRUE
02.11.25,L_2_10_6,5.221,3.294072748,-21.39201553,"NBS22, IAEA603, USGS24, USGS41, USGS40",TRUE
02.11.25,L_2_17_6,5.311,3.353933843,-24.01683746,"NBS22, IAEA603, USGS24, USGS41, USGS40",TRUE
02.11.25,L_1_7_5,5.482,2.935517224,-24.81603001,"NBS22, IAEA603, USGS24, USGS41, USGS40",TRUE
02.11.25,L_2_4_5,5.468,3.172309762,-24.22111911,"NBS22, IAEA603, USGS24, USGS41, USGS40",TRUE
02.11.25,L_2_5_5,5.084,3.757621732,-22.97858673,"NBS22, IAEA603, USGS24, USGS41, USGS40",TRUE
02.11.25,L_2_9_5,5.091,3.312168814,-22.32766958,"NBS22, IAEA603, USGS24, USGS41, USGS40",TRUE
02.11.25,L_2_10_5,5.076,3.030697366,-16.63439968,"NBS22, IAEA603, USGS24, USGS41, USGS40",TRUE
02.11.25,L_2_17_5,5.159,3.751201578,-22.89943233,"NBS22, IAEA603, USGS24, USGS41, USGS40",TRUE
02.11.25,L_1_7_4,5.269,2.962280395,-24.5217171,"NBS22, IAEA603, USGS24, USGS41, USGS40",TRUE
02.11.25,L_2_4_4,5.089,3.116452262,-22.6848725,"NBS22, IAEA603, USGS24, USGS41, USGS40",TRUE
02.11.25,L_2_5_4,5.087,2.9330053,-21.33017161,"NBS22, IAEA603, USGS24, USGS41, USGS40",TRUE
02.11.25,L_2_9_4,5.046,3.325160716,-21.91714203,"NBS22, IAEA603, USGS24, USGS41, USGS40",TRUE
02.11.25,L_2_17_4,5.412,3.563428471,-18.79740731,"NBS22, IAEA603, USGS24, USGS41, USGS40",TRUE
02.11.25,L_1_3_3,5.218,3.638327441,-24.84352246,"NBS22, IAEA603, USGS24, USGS41, USGS40",TRUE
02.11.25,L_1_7_3,5.415,3.148124415,-24.04968978,"NBS22, IAEA603, USGS24, USGS41, USGS40",TRUE
02.11.25,L_2_4_3,5.313,3.28760383,-22.53580595,"NBS22, IAEA603, USGS24, USGS41, USGS40",TRUE
02.11.25,L_2_5_3,5.105,3.004950082,-19.92700799,"NBS22, IAEA603, USGS24, USGS41, USGS40",TRUE
02.11.25,L_2_9_3,5.401,3.380931015,-18.5501274,"NBS22, IAEA603, USGS24, USGS41, USGS40",TRUE
02.11.25,L_2_10_3,5.155,3.412794733,-14.27427927,"NBS22, IAEA603, USGS24, USGS41, USGS40",TRUE
02.11.25,L_2_17_3,5.26,3.486997485,-16.54444487,"NBS22, IAEA603, USGS24, USGS41, USGS40",TRUE
02.11.25,L_1_3_2,5.278,3.875845018,-21.5947073,"NBS22, IAEA603, USGS24, USGS41, USGS40",TRUE
02.11.25,L_1_7_2,5.044,3.215608977,-22.87087536,"NBS22, IAEA603, USGS24, USGS41, USGS40",TRUE
02.11.25,L_2_4_2,5.101,3.563369998,-18.660816,"NBS22, IAEA603, USGS24, USGS41, USGS40",TRUE
02.11.25,L_2_5_2,5.463,3.081451626,-13.79720845,"NBS22, IAEA603, USGS24, USGS41, USGS40",TRUE
02.11.25,L_2_9_2,5.341,3.971011539,-10.03518038,"NBS22, IAEA603, USGS24, USGS41, USGS40",TRUE
02.11.25,L_2_10_2,5.171,3.385264294,1.798059092,"NBS22, IAEA603, USGS24, USGS41, USGS40",TRUE
02.11.25,L_2_17_2,5.079,3.283388188,-9.818274088,"NBS22, IAEA603, USGS24, USGS41, USGS40",TRUE
02.11.25,L_1_3_1,5.347,3.131151052,-15.67594424,"NBS22, IAEA603, USGS24, USGS41, USGS40",TRUE
02.11.25,L_2_4_1,5.446,4.539624324,59.14407833,"NBS22, IAEA603, USGS24, USGS41, USGS40",TRUE
02.11.25,L_2_5_1,5.191,4.841058226,226.0149109,"NBS22, IAEA603, USGS24, USGS41, USGS40",TRUE
02.11.25,L_2_9_1,5.308,5.157095129,76.25609511,"NBS22, IAEA603, USGS24, USGS41, USGS40",TRUE
02.11.25,L_2_10_1,5.264,5.17115323,252.0963467,"NBS22, IAEA603, USGS24, USGS41, USGS40",TRUE
02.11.25,L_2_17_1,5.232,4.532135327,47.15221538,"NBS22, IAEA603, USGS24, USGS41, USGS40",TRUE
02.11.25,L_1_4_11,5.494,2.557671659,-25.35558569,"NBS22, IAEA603, USGS24, USGS41, USGS40",TRUE
02.11.25,L_1_9_11,5.312,2.676790848,-25.0795085,"NBS22, IAEA603, USGS24, USGS41, USGS40",TRUE
02.11.25,L_1_4_10,5.303,2.800834266,-25.10861821,"NBS22, IAEA603, USGS24, USGS41, USGS40",TRUE
02.11.25,L_1_8_10,5.333,2.846259793,-25.38386889,"NBS22, IAEA603, USGS24, USGS41, USGS40",TRUE
02.11.25,L_2_11_10,5.116,2.631549423,-25.52043269,"NBS22, IAEA603, USGS24, USGS41, USGS40",TRUE
02.11.25,L_2_12_10,5.133,2.348315528,-23.36174107,"NBS22, IAEA603, USGS24, USGS41, USGS40",TRUE
02.11.25,L_2_15_10,5.033,2.953533455,-25.45121139,"NBS22, IAEA603, USGS24, USGS41, USGS40",TRUE
02.11.25,L_2_16_10,5.081,2.536838089,-25.35243278,"NBS22, IAEA603, USGS24, USGS41, USGS40",TRUE
02.11.25,L_1_9_10,5.162,3.004805044,-25.50864202,"NBS22, IAEA603, USGS24, USGS41, USGS40",TRUE
02.11.25,L_1_4_9,5.387,2.617640214,-25.42466715,"NBS22, IAEA603, USGS24, USGS41, USGS40",TRUE
02.11.25,L_1_8_9,5.252,3.118242445,-25.65875036,"NBS22, IAEA603, USGS24, USGS41, USGS40",TRUE
02.11.25,L_2_11_9,5.127,3.097036596,-25.90923836,"NBS22, IAEA603, USGS24, USGS41, USGS40",TRUE
02.11.25,L_2_12_9,5.051,3.012522983,-24.74311513,"NBS22, IAEA603, USGS24, USGS41, USGS40",TRUE
02.11.25,L_2_15_9,5.167,3.612846095,-25.94103231,"NBS22, IAEA603, USGS24, USGS41, USGS40",TRUE
02.11.25,L_2_16_9,5.27,2.921519865,-25.04415417,"NBS22, IAEA603, USGS24, USGS41, USGS40",TRUE
02.11.25,L_1_9_9,5.319,2.766515411,-25.19207665,"NBS22, IAEA603, USGS24, USGS41, USGS40",TRUE
02.11.25,L_1_4_8,5.465,3.0074007,-25.4436261,"NBS22, IAEA603, USGS24, USGS41, USGS40",TRUE
02.11.25,L_1_8_8,5.382,2.88503617,-25.25753443,"NBS22, IAEA603, USGS24, USGS41, USGS40",TRUE
02.11.25,L_2_11_8,5.097,3.222827628,-25.82681367,"NBS22, IAEA603, USGS24, USGS41, USGS40",TRUE
02.11.25,L_2_12_8,5.084,2.629025267,-24.90525076,"NBS22, IAEA603, USGS24, USGS41, USGS40",TRUE
02.11.25,L_2_15_8,5.112,3.273742306,-24.99999317,"NBS22, IAEA603, USGS24, USGS41, USGS40",TRUE
02.11.25,L_2_16_8,5.399,2.948328933,-25.5616118,"NBS22, IAEA603, USGS24, USGS41, USGS40",TRUE
02.11.25,L_1_9_8,5.151,3.007038535,-25.01848566,"NBS22, IAEA603, USGS24, USGS41, USGS40",TRUE
02.11.25,L_1_4_7,5.145,2.82687857,-25.09592091,"NBS22, IAEA603, USGS24, USGS41, USGS40",TRUE
02.11.25,L_1_8_7,5.367,2.483162934,-24.74371587,"NBS22, IAEA603, USGS24, USGS41, USGS40",TRUE
02.11.25,L_2_11_7,5.233,2.534726344,-25.24913613,"NBS22, IAEA603, USGS24, USGS41, USGS40",TRUE
02.11.25,L_2_12_7,5.466,2.77791415,-24.56159173,"NBS22, IAEA603, USGS24, USGS41, USGS40",TRUE
02.11.25,L_2_15_7,5.024,5.319673122,-24.81309869,"NBS22, IAEA603, USGS24, USGS41, USGS40",TRUE
02.11.25,L_2_16_7,5.377,3.495183495,-25.57021483,"NBS22, IAEA603, USGS24, USGS41, USGS40",TRUE
02.11.25,L_1_9_7,5.237,3.22532079,-23.73226777,"NBS22, IAEA603, USGS24, USGS41, USGS40",TRUE
02.11.25,L_1_4_6,5.057,2.899405483,-24.19149865,"NBS22, IAEA603, USGS24, USGS41, USGS40",TRUE
02.11.25,L_1_8_6,5.191,3.264568333,-24.37790986,"NBS22, IAEA603, USGS24, USGS41, USGS40",TRUE
02.11.25,L_2_11_6,5.357,2.613831341,-25.38413727,"NBS22, IAEA603, USGS24, USGS41, USGS40",TRUE
02.11.25,L_2_12_6,5.318,3.040500952,-23.25609839,"NBS22, IAEA603, USGS24, USGS41, USGS40",TRUE
02.11.25,L_2_15_6,5.089,3.213222439,-25.17522828,"NBS22, IAEA603, USGS24, USGS41, USGS40",TRUE
02.11.25,L_2_16_6,5.378,2.934534323,-24.97112993,"NBS22, IAEA603, USGS24, USGS41, USGS40",TRUE
02.11.25,L_1_9_6,5.121,3.258468831,-24.42317536,"NBS22, IAEA603, USGS24, USGS41, USGS40",TRUE
02.11.25,L_1_4_5,5.347,2.805314392,-23.35717661,"NBS22, IAEA603, USGS24, USGS41, USGS40",TRUE
02.11.25,L_1_8_5,5.232,3.386566176,-24.28328616,"NBS22, IAEA603, USGS24, USGS41, USGS40",TRUE
02.11.25,L_2_11_5,5.26,2.592796642,-25.24818528,"NBS22, IAEA603, USGS24, USGS41, USGS40",TRUE
02.11.25,L_2_12_5,5.078,3.126138363,-23.66718747,"NBS22, IAEA603, USGS24, USGS41, USGS40",TRUE
02.11.25,L_2_15_5,5.287,3.589413668,-25.05114465,"NBS22, IAEA603, USGS24, USGS41, USGS40",TRUE
02.11.25,L_2_16_5,5.012,3.567511375,-23.47367726,"NBS22, IAEA603, USGS24, USGS41, USGS40",TRUE
02.11.25,L_1_9_5,5.127,3.412336344,-23.10826721,"NBS22, IAEA603, USGS24, USGS41, USGS40",TRUE
02.11.25,L_1_4_4,5.176,3.0719995,-21.28792488,"NBS22, IAEA603, USGS24, USGS41, USGS40",TRUE
02.11.25,L_1_8_4,5.088,3.158946015,-23.80338061,"NBS22, IAEA603, USGS24, USGS41, USGS40",TRUE
02.11.25,L_2_11_4,5.304,2.933274859,-24.86752147,"NBS22, IAEA603, USGS24, USGS41, USGS40",TRUE
02.11.25,L_2_12_4,5.398,2.846445824,-23.58879462,"NBS22, IAEA603, USGS24, USGS41, USGS40",TRUE
02.11.25,L_2_15_4,5.283,3.348473454,-24.4803912,"NBS22, IAEA603, USGS24, USGS41, USGS40",TRUE
02.11.25,L_2_16_4,5.272,3.004204696,-23.65978628,"NBS22, IAEA603, USGS24, USGS41, USGS40",TRUE
02.11.25,L_1_9_4,5.126,3.145529935,-21.66312493,"NBS22, IAEA603, USGS24, USGS41, USGS40",TRUE
02.11.25,L_1_4_3,5.063,2.790012238,-17.03726097,"NBS22, IAEA603, USGS24, USGS41, USGS40",TRUE
02.11.25,L_1_8_3,5.432,3.144075897,-22.14586934,"NBS22, IAEA603, USGS24, USGS41, USGS40",TRUE
02.11.25,L_2_11_3,5.053,2.571286712,-24.4928701,"NBS22, IAEA603, USGS24, USGS41, USGS40",TRUE
02.11.25,L_2_12_3,5.447,2.664859039,-22.49296455,"NBS22, IAEA603, USGS24, USGS41, USGS40",TRUE
02.11.25,L_2_15_3,5.097,3.213510775,-24.07477305,"NBS22, IAEA603, USGS24, USGS41, USGS40",TRUE
02.11.25,L_2_16_3,5.377,3.113490358,-22.46581912,"NBS22, IAEA603, USGS24, USGS41, USGS40",TRUE
02.11.25,L_1_4_2,5.266,3.605002175,-13.55449836,"NBS22, IAEA603, USGS24, USGS41, USGS40",TRUE
02.11.25,L_1_8_2,5.285,3.090674536,-19.85754542,"NBS22, IAEA603, USGS24, USGS41, USGS40",TRUE
02.11.25,L_2_11_2,5.327,2.548488574,-23.65389051,"NBS22, IAEA603, USGS24, USGS41, USGS40",TRUE
02.11.25,L_2_12_2,5.089,3.05455331,-20.57795986,"NBS22, IAEA603, USGS24, USGS41, USGS40",TRUE
02.11.25,L_2_15_2,5.191,3.137636245,-23.77453179,"NBS22, IAEA603, USGS24, USGS41, USGS40",TRUE
02.11.25,L_2_16_2,5.154,2.893661392,-19.57253278,"NBS22, IAEA603, USGS24, USGS41, USGS40",TRUE
02.11.25,L_1_4_1,5.329,3.975112784,-1.731999284,"NBS22, IAEA603, USGS24, USGS41, USGS40",TRUE
02.11.25,L_1_8_1,5.007,3.249826719,-9.873502779,"NBS22, IAEA603, USGS24, USGS41, USGS40",TRUE
02.11.25,L_2_11_1,5.473,3.645118229,-15.15884716,"NBS22, IAEA603, USGS24, USGS41, USGS40",TRUE
02.11.25,L_2_12_1,5.137,2.757775863,-8.591105685,"NBS22, IAEA603, USGS24, USGS41, USGS40",TRUE
02.11.25,L_2_15_1,5.251,3.314297636,-20.92904637,"NBS22, IAEA603, USGS24, USGS41, USGS40",TRUE
02.11.25,L_2_16_1,5.434,3.147669024,-7.800236071,"NBS22, IAEA603, USGS24, USGS41, USGS40",TRUE
02.11.25,L_1_5_11,5.1,2.606841353,-23.71412653,"NBS22, IAEA603, USGS24, USGS41, USGS40",TRUE
02.11.25,L_1_6_11,5.169,3.049657134,-25.05539683,"NBS22, IAEA603, USGS24, USGS41, USGS40",TRUE
02.11.25,L_2_6_11,5.095,2.94118707,-23.86352394,"NBS22, IAEA603, USGS24, USGS41, USGS40",TRUE
02.11.25,L_2_8_11,5.344,2.622502911,-24.58743449,"NBS22, IAEA603, USGS24, USGS41, USGS40",TRUE
02.11.25,L_1_10_10,5.005,3.174632704,-25.5897767,"NBS22, IAEA603, USGS24, USGS41, USGS40",TRUE
02.11.25,L_1_5_10,5.182,2.8940495,-23.53170208,"NBS22, IAEA603, USGS24, USGS41, USGS40",TRUE
02.11.25,L_1_6_10,5.124,2.934650691,-25.15105436,"NBS22, IAEA603, USGS24, USGS41, USGS40",TRUE
02.11.25,L_2_6_10,5.038,2.745534372,-24.84863334,"NBS22, IAEA603, USGS24, USGS41, USGS40",TRUE
02.11.25,L_2_8_10,5.111,2.750950764,-25.04882514,"NBS22, IAEA603, USGS24, USGS41, USGS40",TRUE
02.11.25,L_1_11_10,5.223,3.288827399,-23.40534711,"NBS22, IAEA603, USGS24, USGS41, USGS40",TRUE
02.11.25,L_1_10_9,5.209,3.26534132,-25.45101926,"NBS22, IAEA603, USGS24, USGS41, USGS40",TRUE
02.11.25,L_1_5_9,5.476,2.82193618,-24.04285688,"NBS22, IAEA603, USGS24, USGS41, USGS40",TRUE
02.11.25,L_1_6_9,5.136,3.238512822,-24.83158059,"NBS22, IAEA603, USGS24, USGS41, USGS40",TRUE
02.11.25,L_2_6_9,5.222,3.47878272,-24.58772429,"NBS22, IAEA603, USGS24, USGS41, USGS40",TRUE
02.11.25,L_2_8_9,5.395,2.821303952,-25.24171258,"NBS22, IAEA603, USGS24, USGS41, USGS40",TRUE
02.11.25,L_1_11_9,5.055,3.002039611,-24.95222358,"NBS22, IAEA603, USGS24, USGS41, USGS40",TRUE
02.11.25,L_1_10_8,5.009,3.22065218,-24.21933208,"NBS22, IAEA603, USGS24, USGS41, USGS40",TRUE
02.11.25,L_2_18_8,5.392,3.114359746,-20.74678841,"NBS22, IAEA603, USGS24, USGS41, USGS40",TRUE
02.11.25,L_1_5_8,5.252,2.947593601,-23.85034087,"NBS22, IAEA603, USGS24, USGS41, USGS40",TRUE
02.11.25,L_1_6_8,5.293,3.14897295,-23.91129384,"NBS22, IAEA603, USGS24, USGS41, USGS40",TRUE
02.11.25,L_2_6_8,5.38,3.093973837,-24.7886641,"NBS22, IAEA603, USGS24, USGS41, USGS40",TRUE
02.11.25,L_2_8_8,5.021,2.736883559,-25.05652291,"NBS22, IAEA603, USGS24, USGS41, USGS40",TRUE
02.11.25,L_1_11_8,5.172,3.179295777,-24.45587207,"NBS22, IAEA603, USGS24, USGS41, USGS40",TRUE
02.11.25,L_1_10_7,5.137,3.244035393,-23.80508918,"NBS22, IAEA603, USGS24, USGS41, USGS40",TRUE
02.11.25,L_2_18_7,5.467,3.856435113,-21.90432338,"NBS22, IAEA603, USGS24, USGS41, USGS40",TRUE
02.11.25,L_1_5_7,5.261,2.862742677,-23.14853087,"NBS22, IAEA603, USGS24, USGS41, USGS40",TRUE
02.11.25,L_1_6_7,5.116,3.453580349,-23.35810163,"NBS22, IAEA603, USGS24, USGS41, USGS40",TRUE
02.11.25,L_2_6_7,5.297,2.888407235,-24.17135116,"NBS22, IAEA603, USGS24, USGS41, USGS40",TRUE
02.11.25,L_2_8_7,5.306,2.645775599,-24.20703502,"NBS22, IAEA603, USGS24, USGS41, USGS40",TRUE
02.11.25,L_1_11_7,5.196,3.337016352,-24.39819466,"NBS22, IAEA603, USGS24, USGS41, USGS40",TRUE
02.11.25,L_1_10_6,5.345,3.058368077,-22.47396344,"NBS22, IAEA603, USGS24, USGS41, USGS40",TRUE
02.11.25,L_2_18_6,5.089,3.341065226,-20.34508815,"NBS22, IAEA603, USGS24, USGS41, USGS40",TRUE
02.11.25,L_1_5_6,5.297,3.177317769,-22.85573228,"NBS22, IAEA603, USGS24, USGS41, USGS40",TRUE
02.11.25,L_1_6_6,5.251,2.920021229,-20.58958229,"NBS22, IAEA603, USGS24, USGS41, USGS40",TRUE
02.11.25,L_2_6_6,5.317,3.15434322,-23.5862203,"NBS22, IAEA603, USGS24, USGS41, USGS40",TRUE
02.11.25,L_2_8_6,5.349,2.958707594,-24.05874959,"NBS22, IAEA603, USGS24, USGS41, USGS40",TRUE
02.11.25,L_1_10_5,5.363,3.284843596,-19.11930453,"NBS22, IAEA603, USGS24, USGS41, USGS40",TRUE
02.11.25,L_2_18_5,5.144,3.265959653,-19.02699263,"NBS22, IAEA603, USGS24, USGS41, USGS40",TRUE
02.11.25,L_1_5_5,5.424,3.05716153,-21.8634178,"NBS22, IAEA603, USGS24, USGS41, USGS40",TRUE
02.11.25,L_1_6_5,5.259,2.65848407,-18.84348998,"NBS22, IAEA603, USGS24, USGS41, USGS40",TRUE
02.11.25,L_2_6_5,5.256,3.172910813,-23.0223934,"NBS22, IAEA603, USGS24, USGS41, USGS40",TRUE
02.11.25,L_2_8_5,5.443,2.939085273,-22.57553683,"NBS22, IAEA603, USGS24, USGS41, USGS40",TRUE
02.11.25,L_1_10_4,5.299,3.409794867,-12.13721564,"NBS22, IAEA603, USGS24, USGS41, USGS40",TRUE
02.11.25,L_2_18_4,5.416,3.766502151,-16.00000183,"NBS22, IAEA603, USGS24, USGS41, USGS40",TRUE
02.11.25,L_1_5_4,5.368,3.227620004,-21.52253556,"NBS22, IAEA603, USGS24, USGS41, USGS40",TRUE
02.11.25,L_1_6_4,5.343,3.090950365,-18.2712765,"NBS22, IAEA603, USGS24, USGS41, USGS40",TRUE
02.11.25,L_2_6_4,5.484,3.485938722,-21.44912406,"NBS22, IAEA603, USGS24, USGS41, USGS40",TRUE
02.11.25,L_2_8_4,5.282,3.083515771,-21.60204933,"NBS22, IAEA603, USGS24, USGS41, USGS40",TRUE
02.11.25,L_1_9_3,5.4,2.867109951,-17.36305534,"NBS22, IAEA603, USGS24, USGS41, USGS40",TRUE
02.11.25,L_1_10_3,5.42,4.264334714,-10.28369026,"NBS22, IAEA603, USGS24, USGS41, USGS40",TRUE
02.11.25,L_2_18_3,5.35,3.411612149,-11.51539686,"NBS22, IAEA603, USGS24, USGS41, USGS40",TRUE
02.11.25,L_1_5_3,5.436,4.079036719,-20.42055564,"NBS22, IAEA603, USGS24, USGS41, USGS40",TRUE
02.11.25,L_1_6_3,5.472,3.092221272,-15.46292768,"NBS22, IAEA603, USGS24, USGS41, USGS40",TRUE
02.11.25,L_2_6_3,5.098,3.283510273,-20.24674016,"NBS22, IAEA603, USGS24, USGS41, USGS40",TRUE
02.11.25,L_2_8_3,5.413,2.555958689,-19.68336175,"NBS22, IAEA603, USGS24, USGS41, USGS40",TRUE
02.11.25,L_1_9_2,5.402,3.511910804,-7.332079448,"NBS22, IAEA603, USGS24, USGS41, USGS40",TRUE
02.11.25,L_1_10_2,5.258,3.5440205,6.384435319,"NBS22, IAEA603, USGS24, USGS41, USGS40",TRUE
02.11.25,L_2_18_2,5.242,3.248990605,-0.436069836,"NBS22, IAEA603, USGS24, USGS41, USGS40",TRUE
02.11.25,L_1_5_2,5.143,3.48666168,-15.83887839,"NBS22, IAEA603, USGS24, USGS41, USGS40",TRUE
02.11.25,L_1_6_2,5.081,3.590104568,-5.785577692,"NBS22, IAEA603, USGS24, USGS41, USGS40",TRUE
02.11.25,L_2_6_2,5.202,3.392124277,-18.86926075,"NBS22, IAEA603, USGS24, USGS41, USGS40",TRUE
02.11.25,L_2_8_2,5.405,2.944853215,-12.06193818,"NBS22, IAEA603, USGS24, USGS41, USGS40",TRUE
02.11.25,L_1_9_1,5.17,4.584499802,61.03420431,"NBS22, IAEA603, USGS24, USGS41, USGS40",TRUE
02.11.25,L_1_10_1,5.03,4.549082723,140.3461209,"NBS22, IAEA603, USGS24, USGS41, USGS40",TRUE
02.11.25,L_2_18_1,5.304,3.919501599,110.6612255,"NBS22, IAEA603, USGS24, USGS41, USGS40",TRUE
02.11.25,L_1_5_1,5.492,7.844673457,189.990283,"NBS22, IAEA603, USGS24, USGS41, USGS40",FALSE
02.11.25,L_1_6_1,5.185,7.45159411,460.9660386,"NBS22, IAEA603, USGS24, USGS41, USGS40",FALSE
02.11.25,L_2_6_1,5.46,9.088672567,158.1608087,"NBS22, IAEA603, USGS24, USGS41, USGS40",FALSE
02.11.25,L_2_8_1,5.058,6.126279591,587.7634386,"NBS22, IAEA603, USGS24, USGS41, USGS40",TRUE
02.11.25,L_1_10_11,5.111,3.118959264,-25.72659977,"NBS22, IAEA603, USGS24, USGS41, USGS40",TRUE
02.11.25,L_1_12_11,5.244,2.969484993,-25.23444123,"NBS22, IAEA603, USGS24, USGS41, USGS40",TRUE
02.11.25,L_2_14_11,5.339,3.448091021,-24.84797212,"NBS22, IAEA603, USGS24, USGS41, USGS40",TRUE
02.11.25,L_2_14_11_inorganic,5.447,3.290699203,-23.81181471,"NBS22, IAEA603, USGS24, USGS41, USGS40",TRUE
02.11.25,L_1_12_10,5.214,3.003251942,-25.65419523,"NBS22, IAEA603, USGS24, USGS41, USGS40",TRUE
02.11.25,L_2_13_10,5.339,2.818386926,-24.64663137,"NBS22, IAEA603, USGS24, USGS41, USGS40",TRUE
02.11.25,L_2_14_10,5.183,3.813979197,-25.47157215,"NBS22, IAEA603, USGS24, USGS41, USGS40",TRUE
02.11.25,L_2_13_10_inorganic,5.384,3.031662174,-23.03080515,"NBS22, IAEA603, USGS24, USGS41, USGS40",TRUE
02.11.25,L_2_14_10_inorganic,5.422,3.582627139,-24.53975866,"NBS22, IAEA603, USGS24, USGS41, USGS40",TRUE
02.11.25,L_1_12_9,5.121,3.223825101,-25.33324912,"NBS22, IAEA603, USGS24, USGS41, USGS40",TRUE
02.11.25,L_2_13_9,5.173,3.163301799,-25.05108298,"NBS22, IAEA603, USGS24, USGS41, USGS40",TRUE
02.11.25,L_2_14_9,5.173,3.423992501,-25.40778499,"NBS22, IAEA603, USGS24, USGS41, USGS40",TRUE
02.11.25,L_2_13_9_inorganic,5.176,3.21070952,-23.22613463,"NBS22, IAEA603, USGS24, USGS41, USGS40",TRUE
02.11.25,L_2_14_9_inorganic,5.069,3.421067359,-24.39311471,"NBS22, IAEA603, USGS24, USGS41, USGS40",TRUE
02.11.25,L_1_12_8,5.307,3.250707229,-24.77120358,"NBS22, IAEA603, USGS24, USGS41, USGS40",TRUE
02.11.25,L_2_13_8,5.338,3.282593887,-24.99420552,"NBS22, IAEA603, USGS24, USGS41, USGS40",TRUE
02.11.25,L_2_14_8,5.042,3.414752413,-25.0629726,"NBS22, IAEA603, USGS24, USGS41, USGS40",TRUE
02.11.25,L_2_13_8_inorganic,5.426,3.374969873,-23.34672668,"NBS22, IAEA603, USGS24, USGS41, USGS40",TRUE
02.11.25,L_2_14_8_inorganic,5.292,3.57416533,-24.13237593,"NBS22, IAEA603, USGS24, USGS41, USGS40",TRUE
02.11.25,L_1_12_7,5.263,3.439835276,-24.1149199,"NBS22, IAEA603, USGS24, USGS41, USGS40",TRUE
02.11.25,L_2_13_7,5.016,3.636116113,-24.68525851,"NBS22, IAEA603, USGS24, USGS41, USGS40",TRUE
02.11.25,L_2_14_7,5.092,3.709071094,-24.4764874,"NBS22, IAEA603, USGS24, USGS41, USGS40",TRUE
02.11.25,L_2_13_7_inorganic,5.278,3.275829609,-22.72907033,"NBS22, IAEA603, USGS24, USGS41, USGS40",TRUE
02.11.25,L_2_14_7_inorganic,5.146,3.770547185,-23.037962,"NBS22, IAEA603, USGS24, USGS41, USGS40",TRUE
02.11.25,L_1_11_6,5.347,3.701419692,-24.0999962,"NBS22, IAEA603, USGS24, USGS41, USGS40",TRUE
02.11.25,L_1_12_6,5.339,3.569219868,-22.03769691,"NBS22, IAEA603, USGS24, USGS41, USGS40",TRUE
02.11.25,L_2_13_6,5.307,3.456764687,-24.0149322,"NBS22, IAEA603, USGS24, USGS41, USGS40",TRUE
02.11.25,L_2_14_6,5.111,3.938977283,-24.05141445,"NBS22, IAEA603, USGS24, USGS41, USGS40",TRUE
02.11.25,L_2_13_6_inorganic,5.487,3.485888121,-22.55881526,"NBS22, IAEA603, USGS24, USGS41, USGS40",TRUE
02.11.25,L_2_14_6_inorganic,5.125,3.838337241,-22.90820587,"NBS22, IAEA603, USGS24, USGS41, USGS40",TRUE
02.11.25,L_1_11_5,5.25,3.694103769,-23.33033093,"NBS22, IAEA603, USGS24, USGS41, USGS40",TRUE
02.11.25,L_1_12_5,5.06,3.412034245,-21.26204319,"NBS22, IAEA603, USGS24, USGS41, USGS40",TRUE
02.11.25,L_2_13_5,5.065,3.711982118,-23.36405453,"NBS22, IAEA603, USGS24, USGS41, USGS40",TRUE
02.11.25,L_2_14_5,5.099,4.167860256,-23.53754738,"NBS22, IAEA603, USGS24, USGS41, USGS40",TRUE
02.11.25,L_2_13_5_inorganic,5.454,3.590778753,-21.45898108,"NBS22, IAEA603, USGS24, USGS41, USGS40",TRUE
02.11.25,L_2_14_5_inorganic,5.428,4.015157228,-21.91110533,"NBS22, IAEA603, USGS24, USGS41, USGS40",TRUE
02.11.25,L_1_11_4,5.13,3.296531293,-22.25503586,"NBS22, IAEA603, USGS24, USGS41, USGS40",TRUE
02.11.25,L_1_12_4,5.32,3.332829662,-20.34015214,"NBS22, IAEA603, USGS24, USGS41, USGS40",TRUE
02.11.25,L_2_13_4,5.15,3.402502473,-22.39269357,"NBS22, IAEA603, USGS24, USGS41, USGS40",TRUE
02.11.25,L_2_14_4,5.398,3.898369768,-19.09558954,"NBS22, IAEA603, USGS24, USGS41, USGS40",TRUE
02.11.25,L_2_13_4_inorganic,5.292,3.699444994,-19.89485408,"NBS22, IAEA603, USGS24, USGS41, USGS40",TRUE
02.11.25,L_2_14_4_inorganic,5.214,3.983464066,-16.91272392,"NBS22, IAEA603, USGS24, USGS41, USGS40",TRUE
02.11.25,L_1_11_3,5.01,3.412651654,-21.83085778,"NBS22, IAEA603, USGS24, USGS41, USGS40",TRUE
02.11.25,L_1_12_3,5.251,3.274679982,-21.46730579,"NBS22, IAEA603, USGS24, USGS41, USGS40",TRUE
02.11.25,L_2_13_3,5.306,3.647445538,-21.77606753,"NBS22, IAEA603, USGS24, USGS41, USGS40",TRUE
02.11.25,L_2_14_3,5.427,5.145066162,-18.48406716,"NBS22, IAEA603, USGS24, USGS41, USGS40",TRUE
02.11.25,L_2_13_3_inorganic,5.047,3.69996792,-19.80636582,"NBS22, IAEA603, USGS24, USGS41, USGS40",TRUE
02.11.25,L_2_14_3_inorganic,5.226,4.846944993,-17.61194991,"NBS22, IAEA603, USGS24, USGS41, USGS40",TRUE
02.11.25,L_1_11_2,5.029,3.367199871,-19.68417641,"NBS22, IAEA603, USGS24, USGS41, USGS40",TRUE
02.11.25,L_1_12_2,5.431,3.183387636,-15.88689837,"NBS22, IAEA603, USGS24, USGS41, USGS40",TRUE
02.11.25,L_2_13_2,5.134,3.493933776,-21.01913898,"NBS22, IAEA603, USGS24, USGS41, USGS40",TRUE
02.11.25,L_2_14_2,5.34,4.03150701,-11.5962123,"NBS22, IAEA603, USGS24, USGS41, USGS40",TRUE
02.11.25,L_2_13_2_inorganic,5.331,3.6022728,-18.70568214,"NBS22, IAEA603, USGS24, USGS41, USGS40",TRUE
02.11.25,L_2_14_2_inorganic,5.496,3.919114309,-9.578398182,"NBS22, IAEA603, USGS24, USGS41, USGS40",TRUE
02.11.25,L_1_11_1,5.18,6.144178493,133.3931477,"NBS22, IAEA603, USGS24, USGS41, USGS40",TRUE
02.11.25,L_1_12_1,5.179,6.02824851,337.1661113,"NBS22, IAEA603, USGS24, USGS41, USGS40",TRUE
02.11.25,L_2_13_1,5.289,5.72679227,102.6772476,"NBS22, IAEA603, USGS24, USGS41, USGS40",TRUE
02.11.25,L_2_14_1,5.04,5.790853884,295.4713082,"NBS22, IAEA603, USGS24, USGS41, USGS40",TRUE
02.11.25,L_2_13_1_inorganic,5.207,5.393497326,111.134088,"NBS22, IAEA603, USGS24, USGS41, USGS40",TRUE
02.11.25,L_2_14_1_inorganic,5.314,4.933635275,315.2911912,"NBS22, IAEA603, USGS24, USGS41, USGS40",TRUE
13.01.26,E_1_10_1,30.467,0.24938363,342.2411828,"NBS22, IAEA603, USGS24, USGS41, USGS40",FALSE
13.01.26,E_1_10_10,30.475,0.133339363,-3.452310697,"NBS22, IAEA603, USGS24, USGS41, USGS40",FALSE
13.01.26,E_1_9_10,15.117,1.613547021,-15.57760884,"NBS22, IAEA603, USGS24, USGS41, USGS40",TRUE
13.01.26,E_2_7_1,30.426,0.530737564,433.6124682,"NBS22, IAEA603, USGS24, USGS41, USGS40",TRUE
13.01.26,E_2_7_10,30.465,0.089656529,2.141306161,"NBS22, IAEA603, USGS24, USGS41, USGS40",FALSE
13.01.26,E_C_1_1_21,30.159,0.3042286,-26.32291879,"NBS22, IAEA603, USGS24, USGS41, USGS40",FALSE
13.01.26,E_C_1_2_21,15.43,1.36788917,-17.22608431,"NBS22, IAEA603, USGS24, USGS41, USGS40",TRUE
13.01.26,E_C_2_2_21,15.143,1.577498664,-18.97923095,"NBS22, IAEA603, USGS24, USGS41, USGS40",TRUE
13.01.26,E_C_2_3_21,15.023,1.506283568,-19.09247866,"NBS22, IAEA603, USGS24, USGS41, USGS40",TRUE
13.01.26,L_1_3_10,5.372,2.742998406,-25.63806442,"NBS22, IAEA603, USGS24, USGS41, USGS40",TRUE
13.01.26,L_1_5_1,2.666,8.966017014,204.667364,"NBS22, IAEA603, USGS24, USGS41, USGS40",TRUE
13.01.26,L_1_6_1,2.701,7.454881221,510.6057268,"NBS22, IAEA603, USGS24, USGS41, USGS40",TRUE
13.01.26,L_1_7_1,5.438,3.575963975,-18.04753044,"NBS22, IAEA603, USGS24, USGS41, USGS40",TRUE
13.01.26,L_1_7_9,5.333,3.189277971,-25.89294099,"NBS22, IAEA603, USGS24, USGS41, USGS40",TRUE
13.01.26,L_2_10_4,5.317,3.280254714,-18.96862013,"NBS22, IAEA603, USGS24, USGS41, USGS40",TRUE
13.01.26,L_2_2_3,5.194,3.353380152,-25.84497791,"NBS22, IAEA603, USGS24, USGS41, USGS40",TRUE
13.01.26,L_2_2_7,5.433,3.14925398,-25.88635691,"NBS22, IAEA603, USGS24, USGS41, USGS40",TRUE
13.01.26,L_2_3_3,5.202,3.429498701,-25.69206003,"NBS22, IAEA603, USGS24, USGS41, USGS40",TRUE
13.01.26,L_2_3_7,5.301,3.049180031,-25.76019132,"NBS22, IAEA603, USGS24, USGS41, USGS40",TRUE
13.01.26,L_2_6_1,2.249,8.414101372,149.6346478,"NBS22, IAEA603, USGS24, USGS41, USGS40",TRUE
13.01.26,E_1_10_10,50.493,0.139529676,-3.370348291,"NBS22, IAEA603, USGS24, USGS41, USGS40",TRUE
13.01.26,E_1_10_3,50.533,0.13280586,-1.404368278,"NBS22, IAEA603, USGS24, USGS41, USGS40",TRUE
13.01.26,E_1_10_4,50.745,0.115378835,-3.791514614,"NBS22, IAEA603, USGS24, USGS41, USGS40",TRUE
13.01.26,E_1_10_5,50.842,0.127298417,-4.196906517,"NBS22, IAEA603, USGS24, USGS41, USGS40",TRUE
13.01.26,E_1_10_6,50.472,0.124277328,-4.783191854,"NBS22, IAEA603, USGS24, USGS41, USGS40",TRUE
13.01.26,E_1_10_7,50.191,0.113307132,-4.387953926,"NBS22, IAEA603, USGS24, USGS41, USGS40",TRUE
13.01.26,E_1_10_8,50.548,0.141270251,-3.558266828,"NBS22, IAEA603, USGS24, USGS41, USGS40",TRUE
13.01.26,E_1_10_9,50.378,0.141951214,-3.007992932,"NBS22, IAEA603, USGS24, USGS41, USGS40",TRUE
13.01.26,E_2_7_10,50.153,0.099669813,3.356029105,"NBS22, IAEA603, USGS24, USGS41, USGS40",TRUE
13.01.26,E_2_7_3,50.963,0.15851354,2.902530377,"NBS22, IAEA603, USGS24, USGS41, USGS40",TRUE
13.01.26,E_2_7_4,50.683,0.101443232,0.933400092,"NBS22, IAEA603, USGS24, USGS41, USGS40",TRUE
13.01.26,E_2_7_5,50.288,0.116742815,-0.176171836,"NBS22, IAEA603, USGS24, USGS41, USGS40",TRUE
13.01.26,E_2_7_6,50.051,0.102424273,-0.417107467,"NBS22, IAEA603, USGS24, USGS41, USGS40",TRUE
13.01.26,E_2_7_7,50.885,0.138764698,-1.226359639,"NBS22, IAEA603, USGS24, USGS41, USGS40",TRUE
13.01.26,E_2_7_8,50.531,0.130165188,0.490666453,"NBS22, IAEA603, USGS24, USGS41, USGS40",TRUE
13.01.26,E_2_7_9,50.776,0.108423916,1.271691886,"NBS22, IAEA603, USGS24, USGS41, USGS40",TRUE
13.01.26,E_C_1_1_10,50.626,0.09992497,-19.66770228,"NBS22, IAEA603, USGS24, USGS41, USGS40",TRUE
13.01.26,E_C_1_1_2,50.295,0.128834603,-19.25816754,"NBS22, IAEA603, USGS24, USGS41, USGS40",TRUE
13.01.26,E_C_1_1_3,50.91,0.151559689,-19.87240867,"NBS22, IAEA603, USGS24, USGS41, USGS40",TRUE
13.01.26,E_C_1_1_4,50.062,0.132519276,-19.57492735,"NBS22, IAEA603, USGS24, USGS41, USGS40",TRUE
13.01.26,E_C_1_1_5,50.579,0.126256393,-19.33100478,"NBS22, IAEA603, USGS24, USGS41, USGS40",TRUE
13.01.26,E_C_1_1_6,50.859,0.104422547,-19.52582375,"NBS22, IAEA603, USGS24, USGS41, USGS40",TRUE
13.01.26,E_C_1_1_7,50.848,0.113056128,-19.23540469,"NBS22, IAEA603, USGS24, USGS41, USGS40",TRUE
13.01.26,E_C_1_1_8,50.969,0.103641576,-19.3301807,"NBS22, IAEA603, USGS24, USGS41, USGS40",TRUE
13.01.26,E_C_1_1_9,50.264,0.118636179,-19.48161122,"NBS22, IAEA603, USGS24, USGS41, USGS40",TRUE
13.01.26,E_C_1_2_10,10.818,2.47997606,-16.71028162,"NBS22, IAEA603, USGS24, USGS41, USGS40",TRUE
13.01.26,E_C_1_2_3,5.945,3.910788385,-16.44567386,"NBS22, IAEA603, USGS24, USGS41, USGS40",TRUE
13.01.26,E_C_2_1_3,5.214,3.574407429,-16.39186087,"NBS22, IAEA603, USGS24, USGS41, USGS40",TRUE
13.01.26,E_C_2_2_10,10.419,2.372037101,-17.51599959,"NBS22, IAEA603, USGS24, USGS41, USGS40",TRUE
13.01.26,E_C_2_2_3,5.964,2.565720075,-16.52081677,"NBS22, IAEA603, USGS24, USGS41, USGS40",TRUE
13.01.26,E_C_2_3_2,5.402,3.277522857,-16.71850866,"NBS22, IAEA603, USGS24, USGS41, USGS40",TRUE
13.01.26,E_C_2_3_3,5.325,4.15405342,-16.14465766,"NBS22, IAEA603, USGS24, USGS41, USGS40",TRUE
13.01.26,E_C_2_3_4,5.363,3.643739427,-16.14224531,"NBS22, IAEA603, USGS24, USGS41, USGS40",TRUE
13.01.26,E_C_2_3_5,5.753,3.844856972,-16.24055916,"NBS22, IAEA603, USGS24, USGS41, USGS40",TRUE
13.01.26,E_C_2_3_6,5.609,3.371294852,-16.07995385,"NBS22, IAEA603, USGS24, USGS41, USGS40",TRUE
04.02.26,E_1_10_1,50.309,0.23990599,323.7725355,"NBS22, IAEA603, USGS24, USGS41, USGS40",TRUE
04.02.26,E_1_10_2,50.152,0.103929658,-0.655444784,"NBS22, IAEA603, USGS24, USGS41, USGS40",TRUE
04.02.26,E_1_11_1,1.779,12.43411602,106.8700083,"NBS22, IAEA603, USGS24, USGS41, USGS40",TRUE
04.02.26,E_1_11_10,5.355,2.86131984,-15.96904728,"NBS22, IAEA603, USGS24, USGS41, USGS40",TRUE
04.02.26,E_1_11_3,5.364,4.518726371,-13.25309631,"NBS22, IAEA603, USGS24, USGS41, USGS40",TRUE
04.02.26,E_1_11_4,5.433,6.599501918,-14.06363488,"NBS22, IAEA603, USGS24, USGS41, USGS40",TRUE
04.02.26,E_1_11_5,5.477,5.697054882,-14.31868293,"NBS22, IAEA603, USGS24, USGS41, USGS40",TRUE
04.02.26,E_1_11_6,5.373,4.987776594,-14.36587666,"NBS22, IAEA603, USGS24, USGS41, USGS40",TRUE
04.02.26,E_1_11_7,5.446,5.166592729,-15.14332848,"NBS22, IAEA603, USGS24, USGS41, USGS40",TRUE
04.02.26,E_1_11_8,5.161,3.871783174,-14.6591352,"NBS22, IAEA603, USGS24, USGS41, USGS40",TRUE
04.02.26,E_1_11_9,5.5,3.377352024,-15.94259712,"NBS22, IAEA603, USGS24, USGS41, USGS40",TRUE
04.02.26,E_1_12_1,50.547,0.401503585,290.5005723,"NBS22, IAEA603, USGS24, USGS41, USGS40",TRUE
04.02.26,E_1_12_10,50.678,0.149363767,5.714703918,"NBS22, IAEA603, USGS24, USGS41, USGS40",TRUE
04.02.26,E_1_12_2,50.12,0.122236091,150.6455078,"NBS22, IAEA603, USGS24, USGS41, USGS40",TRUE
04.02.26,E_1_12_3,50.035,0.119859065,26.09632615,"NBS22, IAEA603, USGS24, USGS41, USGS40",TRUE
04.02.26,E_1_12_4,50.934,0.10982186,8.418508723,"NBS22, IAEA603, USGS24, USGS41, USGS40",TRUE
04.02.26,E_1_12_5,50.628,0.087825247,3.861260718,"NBS22, IAEA603, USGS24, USGS41, USGS40",TRUE
04.02.26,E_1_12_6,50.254,0.093388099,3.545131933,"NBS22, IAEA603, USGS24, USGS41, USGS40",TRUE
04.02.26,E_1_12_7,50.506,0.092536003,2.827916378,"NBS22, IAEA603, USGS24, USGS41, USGS40",TRUE
04.02.26,E_1_12_8,50.405,0.11442227,1.538384331,"NBS22, IAEA603, USGS24, USGS41, USGS40",TRUE
04.02.26,E_1_12_9,50.289,0.119859682,2.749663686,"NBS22, IAEA603, USGS24, USGS41, USGS40",TRUE
04.02.26,E_1_13_1,5.437,5.987839855,97.32463016,"NBS22, IAEA603, USGS24, USGS41, USGS40",TRUE
04.02.26,E_1_13_10,5.139,1.298697918,-15.07652217,"NBS22, IAEA603, USGS24, USGS41, USGS40",TRUE
04.02.26,E_1_13_2,5.054,3.935982662,-0.741124278,"NBS22, IAEA603, USGS24, USGS41, USGS40",TRUE
04.02.26,E_1_13_4,5.386,3.697612587,-9.326129035,"NBS22, IAEA603, USGS24, USGS41, USGS40",TRUE
04.02.26,E_1_13_5,5.254,3.604547878,-10.0629319,"NBS22, IAEA603, USGS24, USGS41, USGS40",TRUE
04.02.26,E_1_13_6,5.085,2.395409541,-12.54513835,"NBS22, IAEA603, USGS24, USGS41, USGS40",TRUE
04.02.26,E_1_13_7,5.485,2.946924393,-13.4174145,"NBS22, IAEA603, USGS24, USGS41, USGS40",TRUE
04.02.26,E_1_13_9,5.46,2.948598399,-13.76640822,"NBS22, IAEA603, USGS24, USGS41, USGS40",TRUE
04.02.26,E_1_14_1,50.378,0.302067148,311.8615029,"NBS22, IAEA603, USGS24, USGS41, USGS40",TRUE
04.02.26,E_1_14_10,50.797,0.093430793,-1.069577638,"NBS22, IAEA603, USGS24, USGS41, USGS40",TRUE
04.02.26,E_1_14_2,50.672,0.10297085,3.652026151,"NBS22, IAEA603, USGS24, USGS41, USGS40",TRUE
04.02.26,E_1_14_3,50.726,0.106406868,4.527245405,"NBS22, IAEA603, USGS24, USGS41, USGS40",TRUE
04.02.26,E_1_14_4,50.335,0.110512324,0.760785503,"NBS22, IAEA603, USGS24, USGS41, USGS40",TRUE
04.02.26,E_1_14_5,50.214,0.121209015,0.654974744,"NBS22, IAEA603, USGS24, USGS41, USGS40",TRUE
04.02.26,E_1_14_6,50.547,0.100726398,-3.964435309,"NBS22, IAEA603, USGS24, USGS41, USGS40",TRUE
04.02.26,E_1_14_7,50.125,0.110599946,-3.252686728,"NBS22, IAEA603, USGS24, USGS41, USGS40",TRUE
04.02.26,E_1_14_8,50.052,0.136361073,-4.728190798,"NBS22, IAEA603, USGS24, USGS41, USGS40",TRUE
04.02.26,E_1_14_9,50.067,0.124680737,-0.337177035,"NBS22, IAEA603, USGS24, USGS41, USGS40",TRUE
04.02.26,E_1_15_1,5.474,6.200808895,71.3642641,"NBS22, IAEA603, USGS24, USGS41, USGS40",TRUE
04.02.26,E_1_15_10,5.431,3.195404805,-13.4101491,"NBS22, IAEA603, USGS24, USGS41, USGS40",TRUE
04.02.26,E_1_15_2,5.008,6.358611588,60.48888593,"NBS22, IAEA603, USGS24, USGS41, USGS40",TRUE
04.02.26,E_1_15_3,5.183,7.026173239,23.09553813,"NBS22, IAEA603, USGS24, USGS41, USGS40",TRUE
04.02.26,E_1_15_4,5.396,6.153796195,-3.169962377,"NBS22, IAEA603, USGS24, USGS41, USGS40",TRUE
04.02.26,E_1_15_5,2.198,7.195145052,-6.213568841,"NBS22, IAEA603, USGS24, USGS41, USGS40",TRUE
04.02.26,E_1_15_6,2.098,8.34861182,-9.004204786,"NBS22, IAEA603, USGS24, USGS41, USGS40",TRUE
04.02.26,E_1_15_7,2.047,8.604118199,-11.23285735,"NBS22, IAEA603, USGS24, USGS41, USGS40",TRUE
04.02.26,E_1_15_8,2.454,5.209155746,-13.04897679,"NBS22, IAEA603, USGS24, USGS41, USGS40",TRUE
04.02.26,E_1_15_9,5.323,3.416130962,-12.57588539,"NBS22, IAEA603, USGS24, USGS41, USGS40",TRUE
04.02.26,E_1_2_1,16.174,1.207091783,385.2541289,"NBS22, IAEA603, USGS24, USGS41, USGS40",TRUE
04.02.26,E_1_2_10,51,0.138384528,5.945623039,"NBS22, IAEA603, USGS24, USGS41, USGS40",TRUE
04.02.26,E_1_2_2,50.603,0.167929708,32.07165002,"NBS22, IAEA603, USGS24, USGS41, USGS40",TRUE
04.02.26,E_1_2_3,50.401,0.152741416,6.479248287,"NBS22, IAEA603, USGS24, USGS41, USGS40",TRUE
04.02.26,E_1_2_4,50.209,0.145027332,5.620883832,"NBS22, IAEA603, USGS24, USGS41, USGS40",TRUE
04.02.26,E_1_2_5,50.388,0.110134667,4.573806049,"NBS22, IAEA603, USGS24, USGS41, USGS40",TRUE
04.02.26,E_1_2_6,50.622,0.135454514,5.115054473,"NBS22, IAEA603, USGS24, USGS41, USGS40",TRUE
04.02.26,E_1_2_7,50.415,0.091615566,3.856592149,"NBS22, IAEA603, USGS24, USGS41, USGS40",TRUE
04.02.26,E_1_2_8,50.032,0.097556349,5.709902674,"NBS22, IAEA603, USGS24, USGS41, USGS40",TRUE
04.02.26,E_1_2_9,50.537,0.109033338,7.520265461,"NBS22, IAEA603, USGS24, USGS41, USGS40",TRUE
04.02.26,E_1_6_1,21.593,0.958145372,416.2396286,"NBS22, IAEA603, USGS24, USGS41, USGS40",TRUE
04.02.26,E_1_6_10,50.309,0.168275903,9.721416933,"NBS22, IAEA603, USGS24, USGS41, USGS40",TRUE
04.02.26,E_1_6_2,50.217,0.244257855,4.292508275,"NBS22, IAEA603, USGS24, USGS41, USGS40",TRUE
04.02.26,E_1_6_3,50.892,0.19922835,1.878958504,"NBS22, IAEA603, USGS24, USGS41, USGS40",TRUE
04.02.26,E_1_6_4,50.131,0.140703284,1.297292085,"NBS22, IAEA603, USGS24, USGS41, USGS40",TRUE
04.02.26,E_1_6_5,50.177,0.140034984,0.565762087,"NBS22, IAEA603, USGS24, USGS41, USGS40",TRUE
04.02.26,E_1_6_6,50.915,0.145902623,1.481483026,"NBS22, IAEA603, USGS24, USGS41, USGS40",TRUE
04.02.26,E_1_6_7,50.257,0.138352291,2.483103298,"NBS22, IAEA603, USGS24, USGS41, USGS40",TRUE
04.02.26,E_1_6_8,50.535,0.155804168,1.795489566,"NBS22, IAEA603, USGS24, USGS41, USGS40",TRUE
04.02.26,E_1_6_9,50.696,0.159343826,5.597327561,"NBS22, IAEA603, USGS24, USGS41, USGS40",TRUE
04.02.26,E_1_8_1,23.402,0.857485169,467.0081187,"NBS22, IAEA603, USGS24, USGS41, USGS40",TRUE
04.02.26,E_1_8_10,50.578,0.119779254,8.130664228,"NBS22, IAEA603, USGS24, USGS41, USGS40",TRUE
04.02.26,E_1_8_2,50.119,0.165942286,24.84244633,"NBS22, IAEA603, USGS24, USGS41, USGS40",TRUE
04.02.26,E_1_8_3,50.012,0.147659634,4.216889023,"NBS22, IAEA603, USGS24, USGS41, USGS40",TRUE
04.02.26,E_1_8_4,50.803,0.089511572,3.635394562,"NBS22, IAEA603, USGS24, USGS41, USGS40",TRUE
04.02.26,E_1_8_5,50.728,0.084986575,1.612105284,"NBS22, IAEA603, USGS24, USGS41, USGS40",TRUE
04.02.26,E_1_8_6,50.619,0.086164436,4.453429351,"NBS22, IAEA603, USGS24, USGS41, USGS40",TRUE
04.02.26,E_1_8_7,50.973,0.076527669,5.343812534,"NBS22, IAEA603, USGS24, USGS41, USGS40",TRUE
04.02.26,E_1_8_8,50.638,0.084745282,5.479906958,"NBS22, IAEA603, USGS24, USGS41, USGS40",TRUE
04.02.26,E_1_8_9,50.688,0.108880737,5.485649203,"NBS22, IAEA603, USGS24, USGS41, USGS40",TRUE
04.02.26,E_1_9_1,5.297,7.092236792,116.00144,"NBS22, IAEA603, USGS24, USGS41, USGS40",TRUE
04.02.26,E_1_9_2,5.349,3.963578215,4.525100131,"NBS22, IAEA603, USGS24, USGS41, USGS40",TRUE
04.02.26,E_1_9_4,5.157,6.636363424,-8.934370669,"NBS22, IAEA603, USGS24, USGS41, USGS40",TRUE
04.02.26,E_1_9_5,3.435,5.221918762,-7.129261562,"NBS22, IAEA603, USGS24, USGS41, USGS40",TRUE
04.02.26,E_1_9_6,3.687,4.223103417,-6.937669982,"NBS22, IAEA603, USGS24, USGS41, USGS40",TRUE
04.02.26,E_1_9_7,4.581,4.757298087,-12.67301059,"NBS22, IAEA603, USGS24, USGS41, USGS40",TRUE
04.02.26,E_1_9_8,6.042,5.110537942,-14.91488482,"NBS22, IAEA603, USGS24, USGS41, USGS40",TRUE
04.02.26,E_1_9_9,5.775,3.773880278,-14.14395927,"NBS22, IAEA603, USGS24, USGS41, USGS40",TRUE
04.02.26,E_2_10_1,5.132,6.330611384,94.85752331,"NBS22, IAEA603, USGS24, USGS41, USGS40",TRUE
04.02.26,E_2_10_10,5.065,2.795416815,-15.67261374,"NBS22, IAEA603, USGS24, USGS41, USGS40",TRUE
04.02.26,E_2_10_2,5.188,4.407976932,-3.324176834,"NBS22, IAEA603, USGS24, USGS41, USGS40",TRUE
04.02.26,E_2_10_3,5.419,5.78395227,-7.728068254,"NBS22, IAEA603, USGS24, USGS41, USGS40",TRUE
04.02.26,E_2_10_4,5.483,6.312034866,-10.01822573,"NBS22, IAEA603, USGS24, USGS41, USGS40",TRUE
04.02.26,E_2_10_5,2.522,4.856043499,-12.13307421,"NBS22, IAEA603, USGS24, USGS41, USGS40",TRUE
04.02.26,E_2_10_6,2.468,6.833039953,-13.13618577,"NBS22, IAEA603, USGS24, USGS41, USGS40",TRUE
04.02.26,E_2_10_7,5.319,6.730932657,-14.61579896,"NBS22, IAEA603, USGS24, USGS41, USGS40",TRUE
04.02.26,E_2_10_8,5.416,6.186551248,-15.00380898,"NBS22, IAEA603, USGS24, USGS41, USGS40",TRUE
04.02.26,E_2_10_9,5.353,5.476390652,-14.91665826,"NBS22, IAEA603, USGS24, USGS41, USGS40",TRUE
04.02.26,E_2_12_1,5.39,5.604671383,122.0329813,"NBS22, IAEA603, USGS24, USGS41, USGS40",TRUE
04.02.26,E_2_12_10,5.498,3.050092153,-13.66226047,"NBS22, IAEA603, USGS24, USGS41, USGS40",TRUE
04.02.26,E_2_12_3,5.092,5.86806909,0.638241174,"NBS22, IAEA603, USGS24, USGS41, USGS40",TRUE
04.02.26,E_2_12_4,5.003,4.79930538,1.427606179,"NBS22, IAEA603, USGS24, USGS41, USGS40",TRUE
04.02.26,E_2_12_5,5.125,5.406379329,-3.23746324,"NBS22, IAEA603, USGS24, USGS41, USGS40",TRUE
04.02.26,E_2_12_6,5.211,4.593191321,-4.028309802,"NBS22, IAEA603, USGS24, USGS41, USGS40",TRUE
04.02.26,E_2_12_7,5.378,4.8631667,-8.31522976,"NBS22, IAEA603, USGS24, USGS41, USGS40",TRUE
04.02.26,E_2_12_8,5.041,4.047242939,-11.15725914,"NBS22, IAEA603, USGS24, USGS41, USGS40",TRUE
04.02.26,E_2_12_9,5.394,3.084708571,-13.04865663,"NBS22, IAEA603, USGS24, USGS41, USGS40",TRUE
04.02.26,E_2_13_1,50.849,0.468487549,283.0974736,"NBS22, IAEA603, USGS24, USGS41, USGS40",TRUE
04.02.26,E_2_13_10,50.063,0.113729838,7.882721282,"NBS22, IAEA603, USGS24, USGS41, USGS40",TRUE
04.02.26,E_2_13_2,50.42,0.168992434,2.550485956,"NBS22, IAEA603, USGS24, USGS41, USGS40",TRUE
04.02.26,E_2_13_3,50.181,0.164625561,0.4573608,"NBS22, IAEA603, USGS24, USGS41, USGS40",TRUE
04.02.26,E_2_13_4,50.21,0.148726661,1.067859521,"NBS22, IAEA603, USGS24, USGS41, USGS40",TRUE
04.02.26,E_2_13_5,50.39,0.117350554,0.695742636,"NBS22, IAEA603, USGS24, USGS41, USGS40",TRUE
04.02.26,E_2_13_6,50.739,0.093350115,4.023182251,"NBS22, IAEA603, USGS24, USGS41, USGS40",TRUE
04.02.26,E_2_13_7,50.393,0.101150562,6.465066172,"NBS22, IAEA603, USGS24, USGS41, USGS40",TRUE
04.02.26,E_2_13_8,50.953,0.117203317,5.406154218,"NBS22, IAEA603, USGS24, USGS41, USGS40",TRUE
04.02.26,E_2_13_9,50.083,0.10948895,9.049219349,"NBS22, IAEA603, USGS24, USGS41, USGS40",TRUE
04.02.26,E_2_7_2,50.77,0.110129702,18.48060885,"NBS22, IAEA603, USGS24, USGS41, USGS40",TRUE
04.02.26,E_C_1_1_1,50.349,0.193831624,-20.16287963,"NBS22, IAEA603, USGS24, USGS41, USGS40",TRUE
04.02.26,E_C_1_2_4,3.946,3.924886603,-16.80706146,"NBS22, IAEA603, USGS24, USGS41, USGS40",TRUE
04.02.26,E_C_1_2_6,3.907,7.055850183,-16.472062,"NBS22, IAEA603, USGS24, USGS41, USGS40",TRUE
04.02.26,E_C_1_2_7,4.855,5.160277946,-16.22486781,"NBS22, IAEA603, USGS24, USGS41, USGS40",TRUE
04.02.26,E_C_1_2_8,4.403,6.240260143,-15.68644063,"NBS22, IAEA603, USGS24, USGS41, USGS40",TRUE
04.02.26,E_C_1_2_9,5.422,4.770391241,-15.2432864,"NBS22, IAEA603, USGS24, USGS41, USGS40",TRUE
04.02.26,E_C_2_1_1,1.836,8.537624455,-16.33245862,"NBS22, IAEA603, USGS24, USGS41, USGS40",TRUE
04.02.26,E_C_2_1_4,5.107,5.212937653,-17.13092229,"NBS22, IAEA603, USGS24, USGS41, USGS40",TRUE
04.02.26,E_C_2_1_5,1.958,12.18084634,-16.63068663,"NBS22, IAEA603, USGS24, USGS41, USGS40",TRUE
04.02.26,E_C_2_1_6,4.207,4.797462968,-15.98475349,"NBS22, IAEA603, USGS24, USGS41, USGS40",TRUE
04.02.26,E_C_2_1_7,4.298,4.828158129,-16.13929228,"NBS22, IAEA603, USGS24, USGS41, USGS40",TRUE
04.02.26,E_C_2_1_8,4.874,5.448152164,-16.20976811,"NBS22, IAEA603, USGS24, USGS41, USGS40",TRUE
04.02.26,E_C_2_1_9,5.207,4.132774233,-16.09173125,"NBS22, IAEA603, USGS24, USGS41, USGS40",TRUE
04.02.26,E_C_2_2_1,5.248,6.758375177,-17.12543154,"NBS22, IAEA603, USGS24, USGS41, USGS40",TRUE
04.02.26,E_C_2_2_2,5.848,2.884202382,-16.51369848,"NBS22, IAEA603, USGS24, USGS41, USGS40",TRUE
04.02.26,E_C_2_2_4,4.41,2.959420378,-15.69836426,"NBS22, IAEA603, USGS24, USGS41, USGS40",TRUE
04.02.26,E_C_2_2_6,3.304,3.608707909,-15.62970863,"NBS22, IAEA603, USGS24, USGS41, USGS40",TRUE
04.02.26,E_C_2_2_7,5.289,4.183293349,-16.12084609,"NBS22, IAEA603, USGS24, USGS41, USGS40",TRUE
04.02.26,E_C_2_3_1,5.415,6.772028032,-17.73451073,"NBS22, IAEA603, USGS24, USGS41, USGS40",TRUE
04.02.26,E_C_2_3_10,5.197,4.764554749,-15.91016899,"NBS22, IAEA603, USGS24, USGS41, USGS40",TRUE
04.02.26,E_C_2_3_7,3.063,5.738798558,-15.84267487,"NBS22, IAEA603, USGS24, USGS41, USGS40",TRUE
04.02.26,E_C_2_3_8,2.791,7.08259153,-15.58417869,"NBS22, IAEA603, USGS24, USGS41, USGS40",TRUE
04.02.26,E_C_2_3_9,4.377,5.60067399,-16.40227574,"NBS22, IAEA603, USGS24, USGS41, USGS40",TRUE
04.02.26,E_1_11_2,5.15,8.09189638,-11.25169095,"NBS22, IAEA603, USGS24, USGS41, USGS40",FALSE
04.02.26,E_1_13_3,5.358,7.070554989,-18.53864995,"NBS22, IAEA603, USGS24, USGS41, USGS40",FALSE
04.02.26,E_2_12_2,5.483,6.718653402,17.23507428,"NBS22, IAEA603, USGS24, USGS41, USGS40",FALSE